{
    "RMSE": 8243.503973813786,
    "MAE": 5749.016041352099,
    "R2": 0.9650240530089602
}